month,rv,log_rv,NPI,ANP,SNP,NPI2,log_rv_lag1,log_rv_lag2,log_rv_lag3,log_rv_lag4,log_rv_lag5,log_rv_lag6,log_rv_lag7,log_rv_lag8,log_rv_lag9,log_rv_lag10,log_rv_lag11,log_rv_lag12
2005-01-31,0.002023551717145,-6.202901035712007,0.0,0.0,0.0,0.0,-6.194378077230192,-5.685651269589759,-5.19165578855682,-6.168995114041153,-5.965784686882387,-5.552439425076024,-4.678750763089044,-4.166731248628003,-5.5687334773839146,-5.676345023254147,-6.305599614847926,-6.647598929657179
2005-02-28,0.0018797023904038,-6.276641817648208,0.0,0.0,0.0,0.0,-6.202901035712007,-6.194378077230192,-5.685651269589759,-5.19165578855682,-6.168995114041153,-5.965784686882387,-5.552439425076024,-4.678750763089044,-4.166731248628003,-5.5687334773839146,-5.676345023254147,-6.305599614847926
2005-03-31,0.0028036867755716,-5.876820022336273,0.0647161929637192,0.0,0.0647161929637192,1.0,-6.276641817648208,-6.202901035712007,-6.194378077230192,-5.685651269589759,-5.19165578855682,-6.168995114041153,-5.965784686882387,-5.552439425076024,-4.678750763089044,-4.166731248628003,-5.5687334773839146,-5.676345023254147
2005-04-30,0.0023905560803803,-6.036229270486869,0.0,0.0,0.0,0.0,-5.876820022336273,-6.276641817648208,-6.202901035712007,-6.194378077230192,-5.685651269589759,-5.19165578855682,-6.168995114041153,-5.965784686882387,-5.552439425076024,-4.678750763089044,-4.166731248628003,-5.5687334773839146
2005-05-31,0.0018142398536473,-6.31208871240961,0.0,0.0,0.0,0.0,-6.036229270486869,-5.876820022336273,-6.276641817648208,-6.202901035712007,-6.194378077230192,-5.685651269589759,-5.19165578855682,-6.168995114041153,-5.965784686882387,-5.552439425076024,-4.678750763089044,-4.166731248628003
2005-06-30,0.0012573107482133,-6.678780165755072,0.0232657167237013,0.0,0.0232657167237013,1.0,-6.31208871240961,-6.036229270486869,-5.876820022336273,-6.276641817648208,-6.202901035712007,-6.194378077230192,-5.685651269589759,-5.19165578855682,-6.168995114041153,-5.965784686882387,-5.552439425076024,-4.678750763089044
2005-07-31,0.0012100486016087,-6.717094753561335,0.0566044703243032,0.0,0.0566044703243032,1.0,-6.678780165755072,-6.31208871240961,-6.036229270486869,-5.876820022336273,-6.276641817648208,-6.202901035712007,-6.194378077230192,-5.685651269589759,-5.19165578855682,-6.168995114041153,-5.965784686882387,-5.552439425076024
2005-08-31,0.0031800230621947,-5.750866829953862,0.1064921844459592,0.0,0.1064921844459592,1.0,-6.717094753561335,-6.678780165755072,-6.31208871240961,-6.036229270486869,-5.876820022336273,-6.276641817648208,-6.202901035712007,-6.194378077230192,-5.685651269589759,-5.19165578855682,-6.168995114041153,-5.965784686882387
2005-09-30,0.0027190367228316,-5.907477607416518,0.0,0.0,0.0,0.0,-5.750866829953862,-6.717094753561335,-6.678780165755072,-6.31208871240961,-6.036229270486869,-5.876820022336273,-6.276641817648208,-6.202901035712007,-6.194378077230192,-5.685651269589759,-5.19165578855682,-6.168995114041153
2005-10-31,0.0046738216321244,-5.36577820531284,0.0,0.0,0.0,0.0,-5.907477607416518,-5.750866829953862,-6.717094753561335,-6.678780165755072,-6.31208871240961,-6.036229270486869,-5.876820022336273,-6.276641817648208,-6.202901035712007,-6.194378077230192,-5.685651269589759,-5.19165578855682
2005-11-30,0.0031881173425229,-5.748324711164755,0.0,0.0,0.0,0.0,-5.36577820531284,-5.907477607416518,-5.750866829953862,-6.717094753561335,-6.678780165755072,-6.31208871240961,-6.036229270486869,-5.876820022336273,-6.276641817648208,-6.202901035712007,-6.194378077230192,-5.685651269589759
2005-12-31,0.0009062323902365,-7.006214783447275,0.0,0.0,0.0,0.0,-5.748324711164755,-5.36577820531284,-5.907477607416518,-5.750866829953862,-6.717094753561335,-6.678780165755072,-6.31208871240961,-6.036229270486869,-5.876820022336273,-6.276641817648208,-6.202901035712007,-6.194378077230192
2006-01-31,0.0042804625656249,-5.453694199147646,0.0,0.0,0.0,0.0,-7.006214783447275,-5.748324711164755,-5.36577820531284,-5.907477607416518,-5.750866829953862,-6.717094753561335,-6.678780165755072,-6.31208871240961,-6.036229270486869,-5.876820022336273,-6.276641817648208,-6.202901035712007
2006-02-28,0.002926513032726,-5.833943655893829,0.0,0.0,0.0,0.0,-5.453694199147646,-7.006214783447275,-5.748324711164755,-5.36577820531284,-5.907477607416518,-5.750866829953862,-6.717094753561335,-6.678780165755072,-6.31208871240961,-6.036229270486869,-5.876820022336273,-6.276641817648208
2006-03-31,0.0026448278506488,-5.935149300610847,0.0,0.0,0.0,0.0,-5.833943655893829,-5.453694199147646,-7.006214783447275,-5.748324711164755,-5.36577820531284,-5.907477607416518,-5.750866829953862,-6.717094753561335,-6.678780165755072,-6.31208871240961,-6.036229270486869,-5.876820022336273
2006-04-30,0.0021725508850645,-6.131853278744789,0.0935777489789304,0.0,0.0935777489789304,1.0,-5.935149300610847,-5.833943655893829,-5.453694199147646,-7.006214783447275,-5.748324711164755,-5.36577820531284,-5.907477607416518,-5.750866829953862,-6.717094753561335,-6.678780165755072,-6.31208871240961,-6.036229270486869
2006-05-31,0.0043691107049742,-5.4331957905894726,0.0,0.0,0.0,0.0,-6.131853278744789,-5.935149300610847,-5.833943655893829,-5.453694199147646,-7.006214783447275,-5.748324711164755,-5.36577820531284,-5.907477607416518,-5.750866829953862,-6.717094753561335,-6.678780165755072,-6.31208871240961
2006-06-30,0.0066458481582095,-5.0137629564052935,0.0,0.0,0.0,0.0,-5.4331957905894726,-6.131853278744789,-5.935149300610847,-5.833943655893829,-5.453694199147646,-7.006214783447275,-5.748324711164755,-5.36577820531284,-5.907477607416518,-5.750866829953862,-6.717094753561335,-6.678780165755072
2006-07-31,0.003012289931896,-5.805054714747451,0.0474511866496424,0.0,0.0474511866496424,1.0,-5.0137629564052935,-5.4331957905894726,-6.131853278744789,-5.935149300610847,-5.833943655893829,-5.453694199147646,-7.006214783447275,-5.748324711164755,-5.36577820531284,-5.907477607416518,-5.750866829953862,-6.717094753561335
2006-08-31,0.0017104549876582,-6.370995869205205,0.0,0.0,0.0,0.0,-5.805054714747451,-5.0137629564052935,-5.4331957905894726,-6.131853278744789,-5.935149300610847,-5.833943655893829,-5.453694199147646,-7.006214783447275,-5.748324711164755,-5.36577820531284,-5.907477607416518,-5.750866829953862
2006-09-30,0.0013029705870203,-6.643108554370993,0.0,0.0,0.0,0.0,-6.370995869205205,-5.805054714747451,-5.0137629564052935,-5.4331957905894726,-6.131853278744789,-5.935149300610847,-5.833943655893829,-5.453694199147646,-7.006214783447275,-5.748324711164755,-5.36577820531284,-5.907477607416518
2006-10-31,0.0013666259637675,-6.595410376992636,0.0,0.0,0.0,0.0,-6.643108554370993,-6.370995869205205,-5.805054714747451,-5.0137629564052935,-5.4331957905894726,-6.131853278744789,-5.935149300610847,-5.833943655893829,-5.453694199147646,-7.006214783447275,-5.748324711164755,-5.36577820531284
2006-11-30,0.0008587881916356,-7.059988241896276,0.0,0.0,0.0,0.0,-6.595410376992636,-6.643108554370993,-6.370995869205205,-5.805054714747451,-5.0137629564052935,-5.4331957905894726,-6.131853278744789,-5.935149300610847,-5.833943655893829,-5.453694199147646,-7.006214783447275,-5.748324711164755
2006-12-31,0.001318209989759,-6.631480531041004,0.0,0.0,0.0,0.0,-7.059988241896276,-6.595410376992636,-6.643108554370993,-6.370995869205205,-5.805054714747451,-5.0137629564052935,-5.4331957905894726,-6.131853278744789,-5.935149300610847,-5.833943655893829,-5.453694199147646,-7.006214783447275
2007-01-31,0.0018586157709547,-6.287923277482237,0.0,0.0,0.0,0.0,-6.631480531041004,-7.059988241896276,-6.595410376992636,-6.643108554370993,-6.370995869205205,-5.805054714747451,-5.0137629564052935,-5.4331957905894726,-6.131853278744789,-5.935149300610847,-5.833943655893829,-5.453694199147646
2007-02-28,0.0020094728708874,-6.209882844595362,0.0,0.0,0.0,0.0,-6.287923277482237,-6.631480531041004,-7.059988241896276,-6.595410376992636,-6.643108554370993,-6.370995869205205,-5.805054714747451,-5.0137629564052935,-5.4331957905894726,-6.131853278744789,-5.935149300610847,-5.833943655893829
2007-03-31,0.0023013942485556,-6.074240144684826,0.0,0.0,0.0,0.0,-6.209882844595362,-6.287923277482237,-6.631480531041004,-7.059988241896276,-6.595410376992636,-6.643108554370993,-6.370995869205205,-5.805054714747451,-5.0137629564052935,-5.4331957905894726,-6.131853278744789,-5.935149300610847
2007-04-30,0.0011712677091537,-6.749668604650818,0.0,0.0,0.0,0.0,-6.074240144684826,-6.209882844595362,-6.287923277482237,-6.631480531041004,-7.059988241896276,-6.595410376992636,-6.643108554370993,-6.370995869205205,-5.805054714747451,-5.0137629564052935,-5.4331957905894726,-6.131853278744789
2007-05-31,0.0012941200024315,-6.649924349620913,0.0,0.0,0.0,0.0,-6.749668604650818,-6.074240144684826,-6.209882844595362,-6.287923277482237,-6.631480531041004,-7.059988241896276,-6.595410376992636,-6.643108554370993,-6.370995869205205,-5.805054714747451,-5.0137629564052935,-5.4331957905894726
2007-06-30,0.0024135454536255,-6.026658469966483,0.0,0.0,0.0,0.0,-6.649924349620913,-6.749668604650818,-6.074240144684826,-6.209882844595362,-6.287923277482237,-6.631480531041004,-7.059988241896276,-6.595410376992636,-6.643108554370993,-6.370995869205205,-5.805054714747451,-5.0137629564052935
2007-07-31,0.005330254752339,-5.234356246010539,0.0432420839835196,0.0,0.0432420839835196,1.0,-6.026658469966483,-6.649924349620913,-6.749668604650818,-6.074240144684826,-6.209882844595362,-6.287923277482237,-6.631480531041004,-7.059988241896276,-6.595410376992636,-6.643108554370993,-6.370995869205205,-5.805054714747451
2007-08-31,0.0153544942819516,-4.17634706070488,0.0,0.0,0.0,0.0,-5.234356246010539,-6.026658469966483,-6.649924349620913,-6.749668604650818,-6.074240144684826,-6.209882844595362,-6.287923277482237,-6.631480531041004,-7.059988241896276,-6.595410376992636,-6.643108554370993,-6.370995869205205
2007-09-30,0.0034992317674152,-5.655211829603537,0.0031557834357044,0.0,0.0031557834357044,1.0,-4.17634706070488,-5.234356246010539,-6.026658469966483,-6.649924349620913,-6.749668604650818,-6.074240144684826,-6.209882844595362,-6.287923277482237,-6.631480531041004,-7.059988241896276,-6.595410376992636,-6.643108554370993
2007-10-31,0.0053869396236393,-5.223777843135799,0.064805315435211,0.0,0.064805315435211,1.0,-5.655211829603537,-4.17634706070488,-5.234356246010539,-6.026658469966483,-6.649924349620913,-6.749668604650818,-6.074240144684826,-6.209882844595362,-6.287923277482237,-6.631480531041004,-7.059988241896276,-6.595410376992636
2007-11-30,0.0087070368006961,-4.743623752580199,0.1154245576528678,0.0,0.1154245576528678,1.0,-5.223777843135799,-5.655211829603537,-4.17634706070488,-5.234356246010539,-6.026658469966483,-6.649924349620913,-6.749668604650818,-6.074240144684826,-6.209882844595362,-6.287923277482237,-6.631480531041004,-7.059988241896276
2007-12-31,0.0027777031642681,-5.886130892674397,0.0,0.0,0.0,0.0,-4.743623752580199,-5.223777843135799,-5.655211829603537,-4.17634706070488,-5.234356246010539,-6.026658469966483,-6.649924349620913,-6.749668604650818,-6.074240144684826,-6.209882844595362,-6.287923277482237,-6.631480531041004
2008-01-31,0.00945757922358,-4.660938824692799,0.0,0.0,0.0,0.0,-5.886130892674397,-4.743623752580199,-5.223777843135799,-5.655211829603537,-4.17634706070488,-5.234356246010539,-6.026658469966483,-6.649924349620913,-6.749668604650818,-6.074240144684826,-6.209882844595362,-6.287923277482237
2008-02-29,0.0051846277969949,-5.262057224449125,0.0274532022448471,0.0,0.0274532022448471,1.0,-4.660938824692799,-5.886130892674397,-4.743623752580199,-5.223777843135799,-5.655211829603537,-4.17634706070488,-5.234356246010539,-6.026658469966483,-6.649924349620913,-6.749668604650818,-6.074240144684826,-6.209882844595362
2008-03-31,0.004044413709276,-5.510418681059352,0.0871451589826414,0.0,0.0871451589826414,1.0,-5.262057224449125,-4.660938824692799,-5.886130892674397,-4.743623752580199,-5.223777843135799,-5.655211829603537,-4.17634706070488,-5.234356246010539,-6.026658469966483,-6.649924349620913,-6.749668604650818,-6.074240144684826
2008-04-30,0.0020667948942984,-6.181756231895676,0.051122445036675,0.0,0.051122445036675,1.0,-5.510418681059352,-5.262057224449125,-4.660938824692799,-5.886130892674397,-4.743623752580199,-5.223777843135799,-5.655211829603537,-4.17634706070488,-5.234356246010539,-6.026658469966483,-6.649924349620913,-6.749668604650818
2008-05-31,0.0022383393742178,-6.102021038847173,0.1185313685479351,0.0,0.1185313685479351,1.0,-6.181756231895676,-5.510418681059352,-5.262057224449125,-4.660938824692799,-5.886130892674397,-4.743623752580199,-5.223777843135799,-5.655211829603537,-4.17634706070488,-5.234356246010539,-6.026658469966483,-6.649924349620913
2008-06-30,0.0026358853993062,-5.938536138512207,0.0747074762032381,0.0,0.0747074762032381,1.0,-6.102021038847173,-6.181756231895676,-5.510418681059352,-5.262057224449125,-4.660938824692799,-5.886130892674397,-4.743623752580199,-5.223777843135799,-5.655211829603537,-4.17634706070488,-5.234356246010539,-6.026658469966483
2008-07-31,0.0068094786902053,-4.989439712381504,0.0029867213976004,0.0,0.0029867213976004,1.0,-5.938536138512207,-6.102021038847173,-6.181756231895676,-5.510418681059352,-5.262057224449125,-4.660938824692799,-5.886130892674397,-4.743623752580199,-5.223777843135799,-5.655211829603537,-4.17634706070488,-5.234356246010539
2008-08-31,0.0026414021684073,-5.936445378423811,0.0,0.0,0.0,0.0,-4.989439712381504,-5.938536138512207,-6.102021038847173,-6.181756231895676,-5.510418681059352,-5.262057224449125,-4.660938824692799,-5.886130892674397,-4.743623752580199,-5.223777843135799,-5.655211829603537,-4.17634706070488
2008-09-30,0.013793842311647,-4.2835329957009085,0.0,0.0,0.0,0.0,-5.936445378423811,-4.989439712381504,-5.938536138512207,-6.102021038847173,-6.181756231895676,-5.510418681059352,-5.262057224449125,-4.660938824692799,-5.886130892674397,-4.743623752580199,-5.223777843135799,-5.655211829603537
2008-10-31,0.0627862389344227,-2.768019354767475,0.0,0.0,0.0,0.0,-4.2835329957009085,-5.936445378423811,-4.989439712381504,-5.938536138512207,-6.102021038847173,-6.181756231895676,-5.510418681059352,-5.262057224449125,-4.660938824692799,-5.886130892674397,-4.743623752580199,-5.223777843135799
2008-11-30,0.0252451744379585,-3.679120252892852,0.0,-0.0231565983599809,-0.0231565983599809,0.0,-2.768019354767475,-4.2835329957009085,-5.936445378423811,-4.989439712381504,-5.938536138512207,-6.102021038847173,-6.181756231895676,-5.510418681059352,-5.262057224449125,-4.660938824692799,-5.886130892674397,-4.743623752580199
2008-12-31,0.0143253899030816,-4.245721798386535,0.0,-0.2723614826512214,-0.2723614826512214,0.0,-3.679120252892852,-2.768019354767475,-4.2835329957009085,-5.936445378423811,-4.989439712381504,-5.938536138512207,-6.102021038847173,-6.181756231895676,-5.510418681059352,-5.262057224449125,-4.660938824692799,-5.886130892674397
2009-01-31,0.0128601437773452,-4.353622380037243,0.0,0.0,0.0,0.0,-4.245721798386535,-3.679120252892852,-2.768019354767475,-4.2835329957009085,-5.936445378423811,-4.989439712381504,-5.938536138512207,-6.102021038847173,-6.181756231895676,-5.510418681059352,-5.262057224449125,-4.660938824692799
2009-02-28,0.0081986195967714,-4.803789480740154,0.0,0.0,0.0,0.0,-4.353622380037243,-4.245721798386535,-3.679120252892852,-2.768019354767475,-4.2835329957009085,-5.936445378423811,-4.989439712381504,-5.938536138512207,-6.102021038847173,-6.181756231895676,-5.510418681059352,-5.262057224449125
2009-03-31,0.0080469126677136,-4.822466780652767,0.0,0.0,0.0,0.0,-4.803789480740154,-4.353622380037243,-4.245721798386535,-3.679120252892852,-2.768019354767475,-4.2835329957009085,-5.936445378423811,-4.989439712381504,-5.938536138512207,-6.102021038847173,-6.181756231895676,-5.510418681059352
2009-04-30,0.0076423401880314,-4.874051415372267,0.0,0.0,0.0,0.0,-4.822466780652767,-4.803789480740154,-4.353622380037243,-4.245721798386535,-3.679120252892852,-2.768019354767475,-4.2835329957009085,-5.936445378423811,-4.989439712381504,-5.938536138512207,-6.102021038847173,-6.181756231895676
2009-05-31,0.0034455490849244,-5.670672001172296,0.0,0.0,0.0,0.0,-4.874051415372267,-4.822466780652767,-4.803789480740154,-4.353622380037243,-4.245721798386535,-3.679120252892852,-2.768019354767475,-4.2835329957009085,-5.936445378423811,-4.989439712381504,-5.938536138512207,-6.102021038847173
2009-06-30,0.0040934121416127,-5.4983763922796,0.0,0.0,0.0,0.0,-5.670672001172296,-4.874051415372267,-4.822466780652767,-4.803789480740154,-4.353622380037243,-4.245721798386535,-3.679120252892852,-2.768019354767475,-4.2835329957009085,-5.936445378423811,-4.989439712381504,-5.938536138512207
2009-07-31,0.0036213763600367,-5.620901115451056,0.0,0.0,0.0,0.0,-5.4983763922796,-5.670672001172296,-4.874051415372267,-4.822466780652767,-4.803789480740154,-4.353622380037243,-4.245721798386535,-3.679120252892852,-2.768019354767475,-4.2835329957009085,-5.936445378423811,-4.989439712381504
2009-08-31,0.0023805438327737,-6.04042631623571,0.0,0.0,0.0,0.0,-5.620901115451056,-5.4983763922796,-5.670672001172296,-4.874051415372267,-4.822466780652767,-4.803789480740154,-4.353622380037243,-4.245721798386535,-3.679120252892852,-2.768019354767475,-4.2835329957009085,-5.936445378423811
2009-09-30,0.0022547458759744,-6.094718005959051,0.0,0.0,0.0,0.0,-6.04042631623571,-5.620901115451056,-5.4983763922796,-5.670672001172296,-4.874051415372267,-4.822466780652767,-4.803789480740154,-4.353622380037243,-4.245721798386535,-3.679120252892852,-2.768019354767475,-4.2835329957009085
2009-10-31,0.0030003107823912,-5.8090394015490965,0.0,0.0,0.0,0.0,-6.094718005959051,-6.04042631623571,-5.620901115451056,-5.4983763922796,-5.670672001172296,-4.874051415372267,-4.822466780652767,-4.803789480740154,-4.353622380037243,-4.245721798386535,-3.679120252892852,-2.768019354767475
2009-11-30,0.0046141107689648,-5.378636112374215,0.0,0.0,0.0,0.0,-5.8090394015490965,-6.094718005959051,-6.04042631623571,-5.620901115451056,-5.4983763922796,-5.670672001172296,-4.874051415372267,-4.822466780652767,-4.803789480740154,-4.353622380037243,-4.245721798386535,-3.679120252892852
2009-12-31,0.0011484362392133,-6.769354053951441,0.0,0.0,0.0,0.0,-5.378636112374215,-5.8090394015490965,-6.094718005959051,-6.04042631623571,-5.620901115451056,-5.4983763922796,-5.670672001172296,-4.874051415372267,-4.822466780652767,-4.803789480740154,-4.353622380037243,-4.245721798386535
2010-01-31,0.0025791201808006,-5.960306953401046,0.0,0.0,0.0,0.0,-6.769354053951441,-5.378636112374215,-5.8090394015490965,-6.094718005959051,-6.04042631623571,-5.620901115451056,-5.4983763922796,-5.670672001172296,-4.874051415372267,-4.822466780652767,-4.803789480740154,-4.353622380037243
2010-02-28,0.0030650468589847,-5.7876924212981775,0.0,0.0,0.0,0.0,-5.960306953401046,-6.769354053951441,-5.378636112374215,-5.8090394015490965,-6.094718005959051,-6.04042631623571,-5.620901115451056,-5.4983763922796,-5.670672001172296,-4.874051415372267,-4.822466780652767,-4.803789480740154
2010-03-31,0.0013206119491043,-6.629660052005783,0.0,0.0,0.0,0.0,-5.7876924212981775,-5.960306953401046,-6.769354053951441,-5.378636112374215,-5.8090394015490965,-6.094718005959051,-6.04042631623571,-5.620901115451056,-5.4983763922796,-5.670672001172296,-4.874051415372267,-4.822466780652767
2010-04-30,0.0015033188499444,-6.50008004836539,0.0,0.0,0.0,0.0,-6.629660052005783,-5.7876924212981775,-5.960306953401046,-6.769354053951441,-5.378636112374215,-5.8090394015490965,-6.094718005959051,-6.04042631623571,-5.620901115451056,-5.4983763922796,-5.670672001172296,-4.874051415372267
2010-05-31,0.0043265827984412,-5.442977240589631,0.0,0.0,0.0,0.0,-6.50008004836539,-6.629660052005783,-5.7876924212981775,-5.960306953401046,-6.769354053951441,-5.378636112374215,-5.8090394015490965,-6.094718005959051,-6.04042631623571,-5.620901115451056,-5.4983763922796,-5.670672001172296
2010-06-30,0.0017386977120864,-6.354618887307351,0.0,0.0,0.0,0.0,-5.442977240589631,-6.50008004836539,-6.629660052005783,-5.7876924212981775,-5.960306953401046,-6.769354053951441,-5.378636112374215,-5.8090394015490965,-6.094718005959051,-6.04042631623571,-5.620901115451056,-5.4983763922796
2010-07-31,0.0012489686887288,-6.685437117225082,0.0,0.0,0.0,0.0,-6.354618887307351,-5.442977240589631,-6.50008004836539,-6.629660052005783,-5.7876924212981775,-5.960306953401046,-6.769354053951441,-5.378636112374215,-5.8090394015490965,-6.094718005959051,-6.04042631623571,-5.620901115451056
2010-08-31,0.0018786046624466,-6.2772259785339175,0.0,0.0,0.0,0.0,-6.685437117225082,-6.354618887307351,-5.442977240589631,-6.50008004836539,-6.629660052005783,-5.7876924212981775,-5.960306953401046,-6.769354053951441,-5.378636112374215,-5.8090394015490965,-6.094718005959051,-6.04042631623571
2010-09-30,0.00078929002608,-7.144376717741734,0.0,0.0,0.0,0.0,-6.2772259785339175,-6.685437117225082,-6.354618887307351,-5.442977240589631,-6.50008004836539,-6.629660052005783,-5.7876924212981775,-5.960306953401046,-6.769354053951441,-5.378636112374215,-5.8090394015490965,-6.094718005959051
2010-10-31,0.0013064876449852,-6.640412929622964,0.0,0.0,0.0,0.0,-7.144376717741734,-6.2772259785339175,-6.685437117225082,-6.354618887307351,-5.442977240589631,-6.50008004836539,-6.629660052005783,-5.7876924212981775,-5.960306953401046,-6.769354053951441,-5.378636112374215,-5.8090394015490965
2010-11-30,0.0019032383121661,-6.264198468783963,0.0,0.0,0.0,0.0,-6.640412929622964,-7.144376717741734,-6.2772259785339175,-6.685437117225082,-6.354618887307351,-5.442977240589631,-6.50008004836539,-6.629660052005783,-5.7876924212981775,-5.960306953401046,-6.769354053951441,-5.378636112374215
2010-12-31,0.0009642726213976,-6.944136501055064,0.0,0.0,0.0,0.0,-6.264198468783963,-6.640412929622964,-7.144376717741734,-6.2772259785339175,-6.685437117225082,-6.354618887307351,-5.442977240589631,-6.50008004836539,-6.629660052005783,-5.7876924212981775,-5.960306953401046,-6.769354053951441
2011-01-31,0.0012250524163156,-6.704771647071758,0.0,0.0,0.0,0.0,-6.944136501055064,-6.264198468783963,-6.640412929622964,-7.144376717741734,-6.2772259785339175,-6.685437117225082,-6.354618887307351,-5.442977240589631,-6.50008004836539,-6.629660052005783,-5.7876924212981775,-5.960306953401046
2011-02-28,0.0021924332745756,-6.12274326766992,0.0,0.0,0.0,0.0,-6.704771647071758,-6.944136501055064,-6.264198468783963,-6.640412929622964,-7.144376717741734,-6.2772259785339175,-6.685437117225082,-6.354618887307351,-5.442977240589631,-6.50008004836539,-6.629660052005783,-5.7876924212981775
2011-03-31,0.0029525448201642,-5.825087829596703,0.0,0.0,0.0,0.0,-6.12274326766992,-6.704771647071758,-6.944136501055064,-6.264198468783963,-6.640412929622964,-7.144376717741734,-6.2772259785339175,-6.685437117225082,-6.354618887307351,-5.442977240589631,-6.50008004836539,-6.629660052005783
2011-04-30,0.0015337414753424,-6.48004512000355,0.0,0.0,0.0,0.0,-5.825087829596703,-6.12274326766992,-6.704771647071758,-6.944136501055064,-6.264198468783963,-6.640412929622964,-7.144376717741734,-6.2772259785339175,-6.685437117225082,-6.354618887307351,-5.442977240589631,-6.50008004836539
2011-05-31,0.0042572416566338,-5.459133826861255,0.0,0.0,0.0,0.0,-6.48004512000355,-5.825087829596703,-6.12274326766992,-6.704771647071758,-6.944136501055064,-6.264198468783963,-6.640412929622964,-7.144376717741734,-6.2772259785339175,-6.685437117225082,-6.354618887307351,-5.442977240589631
2011-06-30,0.0020174186185311,-6.205936496412632,0.0,0.0,0.0,0.0,-5.459133826861255,-6.48004512000355,-5.825087829596703,-6.12274326766992,-6.704771647071758,-6.944136501055064,-6.264198468783963,-6.640412929622964,-7.144376717741734,-6.2772259785339175,-6.685437117225082,-6.354618887307351
2011-07-31,0.0017709131775478,-6.33625994591853,0.0,0.0,0.0,0.0,-6.205936496412632,-5.459133826861255,-6.48004512000355,-5.825087829596703,-6.12274326766992,-6.704771647071758,-6.944136501055064,-6.264198468783963,-6.640412929622964,-7.144376717741734,-6.2772259785339175,-6.685437117225082
2011-08-31,0.0166587301007432,-4.094820869593857,0.0,0.0,0.0,0.0,-6.33625994591853,-6.205936496412632,-5.459133826861255,-6.48004512000355,-5.825087829596703,-6.12274326766992,-6.704771647071758,-6.944136501055064,-6.264198468783963,-6.640412929622964,-7.144376717741734,-6.2772259785339175
2011-09-30,0.0152428273056642,-4.183646227185739,0.0,0.0,0.0,0.0,-4.094820869593857,-6.33625994591853,-6.205936496412632,-5.459133826861255,-6.48004512000355,-5.825087829596703,-6.12274326766992,-6.704771647071758,-6.944136501055064,-6.264198468783963,-6.640412929622964,-7.144376717741734
2011-10-31,0.006864768283081,-4.981352993706799,0.0,0.0,0.0,0.0,-4.183646227185739,-4.094820869593857,-6.33625994591853,-6.205936496412632,-5.459133826861255,-6.48004512000355,-5.825087829596703,-6.12274326766992,-6.704771647071758,-6.944136501055064,-6.264198468783963,-6.640412929622964
2011-11-30,0.0077662905567058,-4.857962634426389,0.0,0.0,0.0,0.0,-4.981352993706799,-4.183646227185739,-4.094820869593857,-6.33625994591853,-6.205936496412632,-5.459133826861255,-6.48004512000355,-5.825087829596703,-6.12274326766992,-6.704771647071758,-6.944136501055064,-6.264198468783963
2011-12-31,0.0055716127784808,-5.190070719650111,0.0,0.0,0.0,0.0,-4.857962634426389,-4.981352993706799,-4.183646227185739,-4.094820869593857,-6.33625994591853,-6.205936496412632,-5.459133826861255,-6.48004512000355,-5.825087829596703,-6.12274326766992,-6.704771647071758,-6.944136501055064
2012-01-31,0.0024043886165467,-6.030459621236223,0.0,0.0,0.0,0.0,-5.190070719650111,-4.857962634426389,-4.981352993706799,-4.183646227185739,-4.094820869593857,-6.33625994591853,-6.205936496412632,-5.459133826861255,-6.48004512000355,-5.825087829596703,-6.12274326766992,-6.704771647071758
2012-02-29,0.0015723431230791,-6.45518833711408,0.0,0.0,0.0,0.0,-6.030459621236223,-5.190070719650111,-4.857962634426389,-4.981352993706799,-4.183646227185739,-4.094820869593857,-6.33625994591853,-6.205936496412632,-5.459133826861255,-6.48004512000355,-5.825087829596703,-6.12274326766992
2012-03-31,0.0010059409110393,-6.901831945571015,0.017584107834575,0.0,0.017584107834575,1.0,-6.45518833711408,-6.030459621236223,-5.190070719650111,-4.857962634426389,-4.981352993706799,-4.183646227185739,-4.094820869593857,-6.33625994591853,-6.205936496412632,-5.459133826861255,-6.48004512000355,-5.825087829596703
2012-04-30,0.0012068661594747,-6.719728229945731,0.0,0.0,0.0,0.0,-6.901831945571015,-6.45518833711408,-6.030459621236223,-5.190070719650111,-4.857962634426389,-4.981352993706799,-4.183646227185739,-4.094820869593857,-6.33625994591853,-6.205936496412632,-5.459133826861255,-6.48004512000355
2012-05-31,0.0036400737362422,-5.615751340329266,0.0,0.0,0.0,0.0,-6.719728229945731,-6.901831945571015,-6.45518833711408,-6.030459621236223,-5.190070719650111,-4.857962634426389,-4.981352993706799,-4.183646227185739,-4.094820869593857,-6.33625994591853,-6.205936496412632,-5.459133826861255
2012-06-30,0.0034994608101683,-5.655146376591946,0.0,0.0,0.0,0.0,-5.615751340329266,-6.719728229945731,-6.901831945571015,-6.45518833711408,-6.030459621236223,-5.190070719650111,-4.857962634426389,-4.981352993706799,-4.183646227185739,-4.094820869593857,-6.33625994591853,-6.205936496412632
2012-07-31,0.0033091142062745,-5.711074736804909,0.0,0.0,0.0,0.0,-5.655146376591946,-5.615751340329266,-6.719728229945731,-6.901831945571015,-6.45518833711408,-6.030459621236223,-5.190070719650111,-4.857962634426389,-4.981352993706799,-4.183646227185739,-4.094820869593857,-6.33625994591853
2012-08-31,0.001609687601972,-6.431715154855387,0.0,0.0,0.0,0.0,-5.711074736804909,-5.655146376591946,-5.615751340329266,-6.719728229945731,-6.901831945571015,-6.45518833711408,-6.030459621236223,-5.190070719650111,-4.857962634426389,-4.981352993706799,-4.183646227185739,-4.094820869593857
2012-09-30,0.002291739364456,-6.078444201929033,0.0,0.0,0.0,0.0,-6.431715154855387,-5.711074736804909,-5.655146376591946,-5.615751340329266,-6.719728229945731,-6.901831945571015,-6.45518833711408,-6.030459621236223,-5.190070719650111,-4.857962634426389,-4.981352993706799,-4.183646227185739
2012-10-31,0.0010523428709075,-6.856736294851991,0.0,0.0,0.0,0.0,-6.078444201929033,-6.431715154855387,-5.711074736804909,-5.655146376591946,-5.615751340329266,-6.719728229945731,-6.901831945571015,-6.45518833711408,-6.030459621236223,-5.190070719650111,-4.857962634426389,-4.981352993706799
2012-11-30,0.0012175408599273,-6.7109221430554005,0.0,0.0,0.0,0.0,-6.856736294851991,-6.078444201929033,-6.431715154855387,-5.711074736804909,-5.655146376591946,-5.615751340329266,-6.719728229945731,-6.901831945571015,-6.45518833711408,-6.030459621236223,-5.190070719650111,-4.857962634426389
2012-12-31,0.0005170163969224,-7.56743596844152,0.0,0.0,0.0,0.0,-6.7109221430554005,-6.856736294851991,-6.078444201929033,-6.431715154855387,-5.711074736804909,-5.655146376591946,-5.615751340329266,-6.719728229945731,-6.901831945571015,-6.45518833711408,-6.030459621236223,-5.190070719650111
2013-01-31,0.0010313812368585,-6.87685636842823,0.0,0.0,0.0,0.0,-7.56743596844152,-6.7109221430554005,-6.856736294851991,-6.078444201929033,-6.431715154855387,-5.711074736804909,-5.655146376591946,-5.615751340329266,-6.719728229945731,-6.901831945571015,-6.45518833711408,-6.030459621236223
2013-02-28,0.0009981988826328,-6.909558020311397,0.0,0.0,0.0,0.0,-6.87685636842823,-7.56743596844152,-6.7109221430554005,-6.856736294851991,-6.078444201929033,-6.431715154855387,-5.711074736804909,-5.655146376591946,-5.615751340329266,-6.719728229945731,-6.901831945571015,-6.45518833711408
2013-03-31,0.0007290733792136,-7.223736173663616,0.0,0.0,0.0,0.0,-6.909558020311397,-6.87685636842823,-7.56743596844152,-6.7109221430554005,-6.856736294851991,-6.078444201929033,-6.431715154855387,-5.711074736804909,-5.655146376591946,-5.615751340329266,-6.719728229945731,-6.901831945571015
2013-04-30,0.0013712502774129,-6.592032344068231,0.0,0.0,0.0,0.0,-7.223736173663616,-6.909558020311397,-6.87685636842823,-7.56743596844152,-6.7109221430554005,-6.856736294851991,-6.078444201929033,-6.431715154855387,-5.711074736804909,-5.655146376591946,-5.615751340329266,-6.719728229945731
2013-05-31,0.0009555388596208,-6.95323512570137,0.0,0.0,0.0,0.0,-6.592032344068231,-7.223736173663616,-6.909558020311397,-6.87685636842823,-7.56743596844152,-6.7109221430554005,-6.856736294851991,-6.078444201929033,-6.431715154855387,-5.711074736804909,-5.655146376591946,-5.615751340329266
2013-06-30,0.0030072090829919,-5.8067428453038685,0.0,0.0,0.0,0.0,-6.95323512570137,-6.592032344068231,-7.223736173663616,-6.909558020311397,-6.87685636842823,-7.56743596844152,-6.7109221430554005,-6.856736294851991,-6.078444201929033,-6.431715154855387,-5.711074736804909,-5.655146376591946
2013-07-31,0.0018780021732091,-6.277546741003353,0.0,0.0,0.0,0.0,-5.8067428453038685,-6.95323512570137,-6.592032344068231,-7.223736173663616,-6.909558020311397,-6.87685636842823,-7.56743596844152,-6.7109221430554005,-6.856736294851991,-6.078444201929033,-6.431715154855387,-5.711074736804909
2013-08-31,0.0014744316562952,-6.519482681210246,0.0,0.0,0.0,0.0,-6.277546741003353,-5.8067428453038685,-6.95323512570137,-6.592032344068231,-7.223736173663616,-6.909558020311397,-6.87685636842823,-7.56743596844152,-6.7109221430554005,-6.856736294851991,-6.078444201929033,-6.431715154855387
2013-09-30,0.0005698197432161,-7.470190487121826,0.0,0.0,0.0,0.0,-6.519482681210246,-6.277546741003353,-5.8067428453038685,-6.95323512570137,-6.592032344068231,-7.223736173663616,-6.909558020311397,-6.87685636842823,-7.56743596844152,-6.7109221430554005,-6.856736294851991,-6.078444201929033
2013-10-31,0.0007565002543084,-7.186807688571424,0.0,0.0,0.0,0.0,-7.470190487121826,-6.519482681210246,-6.277546741003353,-5.8067428453038685,-6.95323512570137,-6.592032344068231,-7.223736173663616,-6.909558020311397,-6.87685636842823,-7.56743596844152,-6.7109221430554005,-6.856736294851991
2013-11-30,0.0013987177044866,-6.572199387443551,0.0,0.0,0.0,0.0,-7.186807688571424,-7.470190487121826,-6.519482681210246,-6.277546741003353,-5.8067428453038685,-6.95323512570137,-6.592032344068231,-7.223736173663616,-6.909558020311397,-6.87685636842823,-7.56743596844152,-6.7109221430554005
2013-12-31,0.0006172707306974,-7.390202844725814,0.0,0.0,0.0,0.0,-6.572199387443551,-7.186807688571424,-7.470190487121826,-6.519482681210246,-6.277546741003353,-5.8067428453038685,-6.95323512570137,-6.592032344068231,-7.223736173663616,-6.909558020311397,-6.87685636842823,-7.56743596844152
2014-01-31,0.001407331177682,-6.566060149952845,0.0,0.0,0.0,0.0,-7.390202844725814,-6.572199387443551,-7.186807688571424,-7.470190487121826,-6.519482681210246,-6.277546741003353,-5.8067428453038685,-6.95323512570137,-6.592032344068231,-7.223736173663616,-6.909558020311397,-6.87685636842823
2014-02-28,0.0010177481125717,-6.890162825093612,0.0,0.0,0.0,0.0,-6.566060149952845,-7.390202844725814,-6.572199387443551,-7.186807688571424,-7.470190487121826,-6.519482681210246,-6.277546741003353,-5.8067428453038685,-6.95323512570137,-6.592032344068231,-7.223736173663616,-6.909558020311397
2014-03-31,0.001059402052237,-6.850050631686544,0.0,0.0,0.0,0.0,-6.890162825093612,-6.566060149952845,-7.390202844725814,-6.572199387443551,-7.186807688571424,-7.470190487121826,-6.519482681210246,-6.277546741003353,-5.8067428453038685,-6.95323512570137,-6.592032344068231,-7.223736173663616
2014-04-30,0.0003451328329317,-7.971581192044533,0.0,0.0,0.0,0.0,-6.850050631686544,-6.890162825093612,-6.566060149952845,-7.390202844725814,-6.572199387443551,-7.186807688571424,-7.470190487121826,-6.519482681210246,-6.277546741003353,-5.8067428453038685,-6.95323512570137,-6.592032344068231
2014-05-31,0.0006868864944105,-7.283341498590774,0.0,0.0,0.0,0.0,-7.971581192044533,-6.850050631686544,-6.890162825093612,-6.566060149952845,-7.390202844725814,-6.572199387443551,-7.186807688571424,-7.470190487121826,-6.519482681210246,-6.277546741003353,-5.8067428453038685,-6.95323512570137
2014-06-30,0.0007566713848074,-7.186581500748007,0.0,0.0,0.0,0.0,-7.283341498590774,-7.971581192044533,-6.850050631686544,-6.890162825093612,-6.566060149952845,-7.390202844725814,-6.572199387443551,-7.186807688571424,-7.470190487121826,-6.519482681210246,-6.277546741003353,-5.8067428453038685
2014-07-31,0.000493020238306,-7.614960333433381,0.0,0.0,0.0,0.0,-7.186581500748007,-7.283341498590774,-7.971581192044533,-6.850050631686544,-6.890162825093612,-6.566060149952845,-7.390202844725814,-6.572199387443551,-7.186807688571424,-7.470190487121826,-6.519482681210246,-6.277546741003353
2014-08-31,0.0007004069385859,-7.263849050996916,0.0,0.0,0.0,0.0,-7.614960333433381,-7.186581500748007,-7.283341498590774,-7.971581192044533,-6.850050631686544,-6.890162825093612,-6.566060149952845,-7.390202844725814,-6.572199387443551,-7.186807688571424,-7.470190487121826,-6.519482681210246
2014-09-30,0.0004299423989944,-7.751859314076398,0.0,0.0,0.0,0.0,-7.263849050996916,-7.614960333433381,-7.186581500748007,-7.283341498590774,-7.971581192044533,-6.850050631686544,-6.890162825093612,-6.566060149952845,-7.390202844725814,-6.572199387443551,-7.186807688571424,-7.470190487121826
2014-10-31,0.0014148118395154,-6.560758732336436,0.0,-0.084730877940509,-0.084730877940509,0.0,-7.751859314076398,-7.263849050996916,-7.614960333433381,-7.186581500748007,-7.283341498590774,-7.971581192044533,-6.850050631686544,-6.890162825093612,-6.566060149952845,-7.390202844725814,-6.572199387443551,-7.186807688571424
2014-11-30,0.0005304883072521,-7.541712641148146,0.0,-0.0958082514625842,-0.0958082514625842,0.0,-6.560758732336436,-7.751859314076398,-7.263849050996916,-7.614960333433381,-7.186581500748007,-7.283341498590774,-7.971581192044533,-6.850050631686544,-6.890162825093612,-6.566060149952845,-7.390202844725814,-6.572199387443551
2014-12-31,0.0011533237772373,-6.765107264247319,0.0,-0.2424524522902494,-0.2424524522902494,0.0,-7.541712641148146,-6.560758732336436,-7.751859314076398,-7.263849050996916,-7.614960333433381,-7.186581500748007,-7.283341498590774,-7.971581192044533,-6.850050631686544,-6.890162825093612,-6.566060149952845,-7.390202844725814
2015-01-31,0.0011165685440204,-6.797495096700643,0.0,-0.2663450657791175,-0.2663450657791175,0.0,-6.765107264247319,-7.541712641148146,-6.560758732336436,-7.751859314076398,-7.263849050996916,-7.614960333433381,-7.186581500748007,-7.283341498590774,-7.971581192044533,-6.850050631686544,-6.890162825093612,-6.566060149952845
2015-02-28,0.0003080130729105,-8.085368331376616,0.0,0.0,0.0,0.0,-6.797495096700643,-6.765107264247319,-7.541712641148146,-6.560758732336436,-7.751859314076398,-7.263849050996916,-7.614960333433381,-7.186581500748007,-7.283341498590774,-7.971581192044533,-6.850050631686544,-6.890162825093612
2015-03-31,0.0009321604945266,-6.978005553676439,0.0,0.0,0.0,0.0,-8.085368331376616,-6.797495096700643,-6.765107264247319,-7.541712641148146,-6.560758732336436,-7.751859314076398,-7.263849050996916,-7.614960333433381,-7.186581500748007,-7.283341498590774,-7.971581192044533,-6.850050631686544
2015-04-30,0.0008135422086995,-7.114112747341349,0.0,0.0,0.0,0.0,-6.978005553676439,-8.085368331376616,-6.797495096700643,-6.765107264247319,-7.541712641148146,-6.560758732336436,-7.751859314076398,-7.263849050996916,-7.614960333433381,-7.186581500748007,-7.283341498590774,-7.971581192044533
2015-05-31,0.0009516568207155,-6.95730607060395,0.0,0.0,0.0,0.0,-7.114112747341349,-6.978005553676439,-8.085368331376616,-6.797495096700643,-6.765107264247319,-7.541712641148146,-6.560758732336436,-7.751859314076398,-7.263849050996916,-7.614960333433381,-7.186581500748007,-7.283341498590774
2015-06-30,0.0008283205028404,-7.096110397750202,0.0,0.0,0.0,0.0,-6.95730607060395,-7.114112747341349,-6.978005553676439,-8.085368331376616,-6.797495096700643,-6.765107264247319,-7.541712641148146,-6.560758732336436,-7.751859314076398,-7.263849050996916,-7.614960333433381,-7.186581500748007
2015-07-31,0.0016307439679039,-6.41871894626535,0.0,0.0,0.0,0.0,-7.096110397750202,-6.95730607060395,-7.114112747341349,-6.978005553676439,-8.085368331376616,-6.797495096700643,-6.765107264247319,-7.541712641148146,-6.560758732336436,-7.751859314076398,-7.263849050996916,-7.614960333433381
2015-08-31,0.002803189708779,-5.876997328469286,0.0,-0.0264031587972989,-0.0264031587972989,0.0,-6.41871894626535,-7.096110397750202,-6.95730607060395,-7.114112747341349,-6.978005553676439,-8.085368331376616,-6.797495096700643,-6.765107264247319,-7.541712641148146,-6.560758732336436,-7.751859314076398,-7.263849050996916
2015-09-30,0.0029239394143168,-5.834823457447134,0.0,0.0,0.0,0.0,-5.876997328469286,-6.41871894626535,-7.096110397750202,-6.95730607060395,-7.114112747341349,-6.978005553676439,-8.085368331376616,-6.797495096700643,-6.765107264247319,-7.541712641148146,-6.560758732336436,-7.751859314076398
2015-10-31,0.0006539587467906,-7.332466286798422,0.0,0.0,0.0,0.0,-5.834823457447134,-5.876997328469286,-6.41871894626535,-7.096110397750202,-6.95730607060395,-7.114112747341349,-6.978005553676439,-8.085368331376616,-6.797495096700643,-6.765107264247319,-7.541712641148146,-6.560758732336436
2015-11-30,0.0015196010223892,-6.48930746384946,0.0,-0.049521378447786,-0.049521378447786,0.0,-7.332466286798422,-5.834823457447134,-5.876997328469286,-6.41871894626535,-7.096110397750202,-6.95730607060395,-7.114112747341349,-6.978005553676439,-8.085368331376616,-6.797495096700643,-6.765107264247319,-7.541712641148146
2015-12-31,0.0013061821507549,-6.640646785605932,0.0,-0.1525237726774698,-0.1525237726774698,0.0,-6.48930746384946,-7.332466286798422,-5.834823457447134,-5.876997328469286,-6.41871894626535,-7.096110397750202,-6.95730607060395,-7.114112747341349,-6.978005553676439,-8.085368331376616,-6.797495096700643,-6.765107264247319
2016-01-31,0.0026698523024572,-5.925732125531783,0.0,-0.2134833222796946,-0.2134833222796946,0.0,-6.640646785605932,-6.48930746384946,-7.332466286798422,-5.834823457447134,-5.876997328469286,-6.41871894626535,-7.096110397750202,-6.95730607060395,-7.114112747341349,-6.978005553676439,-8.085368331376616,-6.797495096700643
2016-02-29,0.0020890008943341,-6.171069368291905,0.0,0.0,0.0,0.0,-5.925732125531783,-6.640646785605932,-6.48930746384946,-7.332466286798422,-5.834823457447134,-5.876997328469286,-6.41871894626535,-7.096110397750202,-6.95730607060395,-7.114112747341349,-6.978005553676439,-8.085368331376616
2016-03-31,0.0005609556901507,-7.485868639249531,0.0,0.0,0.0,0.0,-6.171069368291905,-5.925732125531783,-6.640646785605932,-6.48930746384946,-7.332466286798422,-5.834823457447134,-5.876997328469286,-6.41871894626535,-7.096110397750202,-6.95730607060395,-7.114112747341349,-6.978005553676439
2016-04-30,0.0007215951675191,-7.234046286135257,0.0,0.0,0.0,0.0,-7.485868639249531,-6.171069368291905,-5.925732125531783,-6.640646785605932,-6.48930746384946,-7.332466286798422,-5.834823457447134,-5.876997328469286,-6.41871894626535,-7.096110397750202,-6.95730607060395,-7.114112747341349
2016-05-31,0.0006170552575021,-7.390551979718602,0.0,0.0,0.0,0.0,-7.234046286135257,-7.485868639249531,-6.171069368291905,-5.925732125531783,-6.640646785605932,-6.48930746384946,-7.332466286798422,-5.834823457447134,-5.876997328469286,-6.41871894626535,-7.096110397750202,-6.95730607060395
2016-06-30,0.0021039297313468,-6.1639483823132455,0.0,0.0,0.0,0.0,-7.390551979718602,-7.234046286135257,-7.485868639249531,-6.171069368291905,-5.925732125531783,-6.640646785605932,-6.48930746384946,-7.332466286798422,-5.834823457447134,-5.876997328469286,-6.41871894626535,-7.096110397750202
2016-07-31,0.0009078250652738,-7.004458857314257,0.0,0.0,0.0,0.0,-6.1639483823132455,-7.390551979718602,-7.234046286135257,-7.485868639249531,-6.171069368291905,-5.925732125531783,-6.640646785605932,-6.48930746384946,-7.332466286798422,-5.834823457447134,-5.876997328469286,-6.41871894626535
2016-08-31,0.0005317344810131,-7.53936628905238,0.0,0.0,0.0,0.0,-7.004458857314257,-6.1639483823132455,-7.390551979718602,-7.234046286135257,-7.485868639249531,-6.171069368291905,-5.925732125531783,-6.640646785605932,-6.48930746384946,-7.332466286798422,-5.834823457447134,-5.876997328469286
2016-09-30,0.0013071501751868,-6.63990595026208,0.0,0.0,0.0,0.0,-7.53936628905238,-7.004458857314257,-6.1639483823132455,-7.390551979718602,-7.234046286135257,-7.485868639249531,-6.171069368291905,-5.925732125531783,-6.640646785605932,-6.48930746384946,-7.332466286798422,-5.834823457447134
2016-10-31,0.0006762437259652,-7.298957005531992,0.0,0.0,0.0,0.0,-6.63990595026208,-7.53936628905238,-7.004458857314257,-6.1639483823132455,-7.390551979718602,-7.234046286135257,-7.485868639249531,-6.171069368291905,-5.925732125531783,-6.640646785605932,-6.48930746384946,-7.332466286798422
2016-11-30,0.0016483386481031,-6.407987378251236,0.0,0.0,0.0,0.0,-7.298957005531992,-6.63990595026208,-7.53936628905238,-7.004458857314257,-6.1639483823132455,-7.390551979718602,-7.234046286135257,-7.485868639249531,-6.171069368291905,-5.925732125531783,-6.640646785605932,-6.48930746384946
2016-12-31,0.0007493596169576,-7.196291560222842,0.0,0.0,0.0,0.0,-6.407987378251236,-7.298957005531992,-6.63990595026208,-7.53936628905238,-7.004458857314257,-6.1639483823132455,-7.390551979718602,-7.234046286135257,-7.485868639249531,-6.171069368291905,-5.925732125531783,-6.640646785605932
2017-01-31,0.0005555780070956,-7.495501531928696,0.0,0.0,0.0,0.0,-7.196291560222842,-6.407987378251236,-7.298957005531992,-6.63990595026208,-7.53936628905238,-7.004458857314257,-6.1639483823132455,-7.390551979718602,-7.234046286135257,-7.485868639249531,-6.171069368291905,-5.925732125531783
2017-02-28,0.0002905852839504,-8.143613448335847,0.0,0.0,0.0,0.0,-7.495501531928696,-7.196291560222842,-6.407987378251236,-7.298957005531992,-6.63990595026208,-7.53936628905238,-7.004458857314257,-6.1639483823132455,-7.390551979718602,-7.234046286135257,-7.485868639249531,-6.171069368291905
2017-03-31,0.0006663586746972,-7.313682481793669,0.0,0.0,0.0,0.0,-8.143613448335847,-7.495501531928696,-7.196291560222842,-6.407987378251236,-7.298957005531992,-6.63990595026208,-7.53936628905238,-7.004458857314257,-6.1639483823132455,-7.390551979718602,-7.234046286135257,-7.485868639249531
2017-04-30,0.0005451993282786,-7.514359090206814,0.0,0.0,0.0,0.0,-7.313682481793669,-8.143613448335847,-7.495501531928696,-7.196291560222842,-6.407987378251236,-7.298957005531992,-6.63990595026208,-7.53936628905238,-7.004458857314257,-6.1639483823132455,-7.390551979718602,-7.234046286135257
2017-05-31,0.0011500223128967,-6.767973934276306,0.0,0.0,0.0,0.0,-7.514359090206814,-7.313682481793669,-8.143613448335847,-7.495501531928696,-7.196291560222842,-6.407987378251236,-7.298957005531992,-6.63990595026208,-7.53936628905238,-7.004458857314257,-6.1639483823132455,-7.390551979718602
2017-06-30,0.0005315746196709,-7.539666975547608,0.0,0.0,0.0,0.0,-6.767973934276306,-7.514359090206814,-7.313682481793669,-8.143613448335847,-7.495501531928696,-7.196291560222842,-6.407987378251236,-7.298957005531992,-6.63990595026208,-7.53936628905238,-7.004458857314257,-6.1639483823132455
2017-07-31,0.0005563472058213,-7.494117987712871,0.0,0.0,0.0,0.0,-7.539666975547608,-6.767973934276306,-7.514359090206814,-7.313682481793669,-8.143613448335847,-7.495501531928696,-7.196291560222842,-6.407987378251236,-7.298957005531992,-6.63990595026208,-7.53936628905238,-7.004458857314257
2017-08-31,0.0009943206025592,-6.913450865525882,0.0,0.0,0.0,0.0,-7.494117987712871,-7.539666975547608,-6.767973934276306,-7.514359090206814,-7.313682481793669,-8.143613448335847,-7.495501531928696,-7.196291560222842,-6.407987378251236,-7.298957005531992,-6.63990595026208,-7.53936628905238
2017-09-30,0.0007519900749974,-7.192787432243197,0.0,0.0,0.0,0.0,-6.913450865525882,-7.494117987712871,-7.539666975547608,-6.767973934276306,-7.514359090206814,-7.313682481793669,-8.143613448335847,-7.495501531928696,-7.196291560222842,-6.407987378251236,-7.298957005531992,-6.63990595026208
2017-10-31,0.0006227626978006,-7.381345014145253,0.0,0.0,0.0,0.0,-7.192787432243197,-6.913450865525882,-7.494117987712871,-7.539666975547608,-6.767973934276306,-7.514359090206814,-7.313682481793669,-8.143613448335847,-7.495501531928696,-7.196291560222842,-6.407987378251236,-7.298957005531992
2017-11-30,0.0007795987781593,-7.156731157598193,0.0,0.0,0.0,0.0,-7.381345014145253,-7.192787432243197,-6.913450865525882,-7.494117987712871,-7.539666975547608,-6.767973934276306,-7.514359090206814,-7.313682481793669,-8.143613448335847,-7.495501531928696,-7.196291560222842,-6.407987378251236
2017-12-31,0.0010210016245432,-6.88697114867137,0.0046506470767418,0.0,0.0046506470767418,1.0,-7.156731157598193,-7.381345014145253,-7.192787432243197,-6.913450865525882,-7.494117987712871,-7.539666975547608,-6.767973934276306,-7.514359090206814,-7.313682481793669,-8.143613448335847,-7.495501531928696,-7.196291560222842
2018-01-31,0.0009899929672417,-6.917812718657121,0.0705208532543668,0.0,0.0705208532543668,1.0,-6.88697114867137,-7.156731157598193,-7.381345014145253,-7.192787432243197,-6.913450865525882,-7.494117987712871,-7.539666975547608,-6.767973934276306,-7.514359090206814,-7.313682481793669,-8.143613448335847,-7.495501531928696
2018-02-28,0.0024986704349264,-5.991996514607045,0.0,0.0,0.0,0.0,-6.917812718657121,-6.88697114867137,-7.156731157598193,-7.381345014145253,-7.192787432243197,-6.913450865525882,-7.494117987712871,-7.539666975547608,-6.767973934276306,-7.514359090206814,-7.313682481793669,-8.143613448335847
2018-03-31,0.0023931376263335,-6.035149959660543,0.0,0.0,0.0,0.0,-5.991996514607045,-6.917812718657121,-6.88697114867137,-7.156731157598193,-7.381345014145253,-7.192787432243197,-6.913450865525882,-7.494117987712871,-7.539666975547608,-6.767973934276306,-7.514359090206814,-7.313682481793669
2018-04-30,0.000878375901677,-7.037435921923829,0.0429114860003753,0.0,0.0429114860003753,1.0,-6.035149959660543,-5.991996514607045,-6.917812718657121,-6.88697114867137,-7.156731157598193,-7.381345014145253,-7.192787432243197,-6.913450865525882,-7.494117987712871,-7.539666975547608,-6.767973934276306,-7.514359090206814
2018-05-31,0.0009801539062985,-6.927800951386883,0.0653465283743801,0.0,0.0653465283743801,1.0,-7.037435921923829,-6.035149959660543,-5.991996514607045,-6.917812718657121,-6.88697114867137,-7.156731157598193,-7.381345014145253,-7.192787432243197,-6.913450865525882,-7.494117987712871,-7.539666975547608,-6.767973934276306
2018-06-30,0.0014897508029253,-6.509146419370849,0.0,0.0,0.0,0.0,-6.927800951386883,-7.037435921923829,-6.035149959660543,-5.991996514607045,-6.917812718657121,-6.88697114867137,-7.156731157598193,-7.381345014145253,-7.192787432243197,-6.913450865525882,-7.494117987712871,-7.539666975547608
2018-07-31,0.0010598020374659,-6.849673145407042,0.0,0.0,0.0,0.0,-6.509146419370849,-6.927800951386883,-7.037435921923829,-6.035149959660543,-5.991996514607045,-6.917812718657121,-6.88697114867137,-7.156731157598193,-7.381345014145253,-7.192787432243197,-6.913450865525882,-7.494117987712871
2018-08-31,0.0009873639816484,-6.920471810778901,0.0,0.0,0.0,0.0,-6.849673145407042,-6.509146419370849,-6.927800951386883,-7.037435921923829,-6.035149959660543,-5.991996514607045,-6.917812718657121,-6.88697114867137,-7.156731157598193,-7.381345014145253,-7.192787432243197,-6.913450865525882
2018-09-30,0.0006035087283338,-7.412750054674826,0.0245833659484653,0.0,0.0245833659484653,1.0,-6.920471810778901,-6.849673145407042,-6.509146419370849,-6.927800951386883,-7.037435921923829,-6.035149959660543,-5.991996514607045,-6.917812718657121,-6.88697114867137,-7.156731157598193,-7.381345014145253,-7.192787432243197
2018-10-31,0.0047836934277742,-5.342542347210307,0.0267791317044473,0.0,0.0267791317044473,1.0,-7.412750054674826,-6.920471810778901,-6.849673145407042,-6.509146419370849,-6.927800951386883,-7.037435921923829,-6.035149959660543,-5.991996514607045,-6.917812718657121,-6.88697114867137,-7.156731157598193,-7.381345014145253
2018-11-30,0.0019919766818547,-6.218627825784435,0.0,0.0,0.0,0.0,-5.342542347210307,-7.412750054674826,-6.920471810778901,-6.849673145407042,-6.509146419370849,-6.927800951386883,-7.037435921923829,-6.035149959660543,-5.991996514607045,-6.917812718657121,-6.88697114867137,-7.156731157598193
2018-12-31,0.0015435574567177,-6.473665489760056,0.0,0.0,0.0,0.0,-6.218627825784435,-5.342542347210307,-7.412750054674826,-6.920471810778901,-6.849673145407042,-6.509146419370849,-6.927800951386883,-7.037435921923829,-6.035149959660543,-5.991996514607045,-6.917812718657121,-6.88697114867137
2019-01-31,0.0017897001697075,-6.325707176116347,0.0,0.0,0.0,0.0,-6.473665489760056,-6.218627825784435,-5.342542347210307,-7.412750054674826,-6.920471810778901,-6.849673145407042,-6.509146419370849,-6.927800951386883,-7.037435921923829,-6.035149959660543,-5.991996514607045,-6.917812718657121
2019-02-28,0.0010027559368047,-6.9050031328083215,0.0,0.0,0.0,0.0,-6.325707176116347,-6.473665489760056,-6.218627825784435,-5.342542347210307,-7.412750054674826,-6.920471810778901,-6.849673145407042,-6.509146419370849,-6.927800951386883,-7.037435921923829,-6.035149959660543,-5.991996514607045
2019-03-31,0.0009269016149923,-6.983663130725262,0.0,0.0,0.0,0.0,-6.9050031328083215,-6.325707176116347,-6.473665489760056,-6.218627825784435,-5.342542347210307,-7.412750054674826,-6.920471810778901,-6.849673145407042,-6.509146419370849,-6.927800951386883,-7.037435921923829,-6.035149959660543
2019-04-30,0.0010526045678027,-6.856487645511232,0.0,0.0,0.0,0.0,-6.983663130725262,-6.9050031328083215,-6.325707176116347,-6.473665489760056,-6.218627825784435,-5.342542347210307,-7.412750054674826,-6.920471810778901,-6.849673145407042,-6.509146419370849,-6.927800951386883,-7.037435921923829
2019-05-31,0.0018200876751306,-6.308870605905007,0.0,0.0,0.0,0.0,-6.856487645511232,-6.983663130725262,-6.9050031328083215,-6.325707176116347,-6.473665489760056,-6.218627825784435,-5.342542347210307,-7.412750054674826,-6.920471810778901,-6.849673145407042,-6.509146419370849,-6.927800951386883
2019-06-30,0.0006224033916448,-7.381922135814028,0.0,0.0,0.0,0.0,-6.308870605905007,-6.856487645511232,-6.983663130725262,-6.9050031328083215,-6.325707176116347,-6.473665489760056,-6.218627825784435,-5.342542347210307,-7.412750054674826,-6.920471810778901,-6.849673145407042,-6.509146419370849
2019-07-31,0.0016778586641023,-6.3902369032674615,0.0,0.0,0.0,0.0,-7.381922135814028,-6.308870605905007,-6.856487645511232,-6.983663130725262,-6.9050031328083215,-6.325707176116347,-6.473665489760056,-6.218627825784435,-5.342542347210307,-7.412750054674826,-6.920471810778901,-6.849673145407042
2019-08-31,0.0021906992961132,-6.123534472829658,0.0,0.0,0.0,0.0,-6.3902369032674615,-7.381922135814028,-6.308870605905007,-6.856487645511232,-6.983663130725262,-6.9050031328083215,-6.325707176116347,-6.473665489760056,-6.218627825784435,-5.342542347210307,-7.412750054674826,-6.920471810778901
2019-09-30,0.0008286213290853,-7.095747287540341,0.0,0.0,0.0,0.0,-6.123534472829658,-6.3902369032674615,-7.381922135814028,-6.308870605905007,-6.856487645511232,-6.983663130725262,-6.9050031328083215,-6.325707176116347,-6.473665489760056,-6.218627825784435,-5.342542347210307,-7.412750054674826
2019-10-31,0.0011845703915203,-6.738375108929546,0.0,0.0,0.0,0.0,-7.095747287540341,-6.123534472829658,-6.3902369032674615,-7.381922135814028,-6.308870605905007,-6.856487645511232,-6.983663130725262,-6.9050031328083215,-6.325707176116347,-6.473665489760056,-6.218627825784435,-5.342542347210307
2019-11-30,0.0013818354581572,-6.584342621392652,0.0,0.0,0.0,0.0,-6.738375108929546,-7.095747287540341,-6.123534472829658,-6.3902369032674615,-7.381922135814028,-6.308870605905007,-6.856487645511232,-6.983663130725262,-6.9050031328083215,-6.325707176116347,-6.473665489760056,-6.218627825784435
2019-12-31,0.0009326875648565,-6.97744028473527,0.0,0.0,0.0,0.0,-6.584342621392652,-6.738375108929546,-7.095747287540341,-6.123534472829658,-6.3902369032674615,-7.381922135814028,-6.308870605905007,-6.856487645511232,-6.983663130725262,-6.9050031328083215,-6.325707176116347,-6.473665489760056
2020-01-31,0.0028114018156954,-5.8740720532336175,0.0,0.0,0.0,0.0,-6.97744028473527,-6.584342621392652,-6.738375108929546,-7.095747287540341,-6.123534472829658,-6.3902369032674615,-7.381922135814028,-6.308870605905007,-6.856487645511232,-6.983663130725262,-6.9050031328083215,-6.325707176116347
2020-02-29,0.0050007906841911,-5.298159242212111,0.0,0.0,0.0,0.0,-5.8740720532336175,-6.97744028473527,-6.584342621392652,-6.738375108929546,-7.095747287540341,-6.123534472829658,-6.3902369032674615,-7.381922135814028,-6.308870605905007,-6.856487645511232,-6.983663130725262,-6.9050031328083215
2020-03-31,0.037671941888558,-3.2788397086053007,0.0,-0.3705225339319913,-0.3705225339319913,0.0,-5.298159242212111,-5.8740720532336175,-6.97744028473527,-6.584342621392652,-6.738375108929546,-7.095747287540341,-6.123534472829658,-6.3902369032674615,-7.381922135814028,-6.308870605905007,-6.856487645511232,-6.983663130725262
2020-04-30,0.0069034459945456,-4.975734572547962,0.0,-0.5549094502470759,-0.5549094502470759,0.0,-3.2788397086053007,-5.298159242212111,-5.8740720532336175,-6.97744028473527,-6.584342621392652,-6.738375108929546,-7.095747287540341,-6.123534472829658,-6.3902369032674615,-7.381922135814028,-6.308870605905007,-6.856487645511232
2020-05-31,0.0025732604147725,-5.962581540243333,0.0,0.0,0.0,0.0,-4.975734572547962,-3.2788397086053007,-5.298159242212111,-5.8740720532336175,-6.97744028473527,-6.584342621392652,-6.738375108929546,-7.095747287540341,-6.123534472829658,-6.3902369032674615,-7.381922135814028,-6.308870605905007
2020-06-30,0.0083042446021392,-4.790988497050798,0.0,0.0,0.0,0.0,-5.962581540243333,-4.975734572547962,-3.2788397086053007,-5.298159242212111,-5.8740720532336175,-6.97744028473527,-6.584342621392652,-6.738375108929546,-7.095747287540341,-6.123534472829658,-6.3902369032674615,-7.381922135814028
2020-07-31,0.0019138953909008,-6.258614642146757,0.0,0.0,0.0,0.0,-4.790988497050798,-5.962581540243333,-4.975734572547962,-3.2788397086053007,-5.298159242212111,-5.8740720532336175,-6.97744028473527,-6.584342621392652,-6.738375108929546,-7.095747287540341,-6.123534472829658,-6.3902369032674615
2020-08-31,0.0039768760641842,-5.527258676384164,0.0,0.0,0.0,0.0,-6.258614642146757,-4.790988497050798,-5.962581540243333,-4.975734572547962,-3.2788397086053007,-5.298159242212111,-5.8740720532336175,-6.97744028473527,-6.584342621392652,-6.738375108929546,-7.095747287540341,-6.123534472829658
2020-09-30,0.0027256436938986,-5.905050660817532,0.0,0.0,0.0,0.0,-5.527258676384164,-6.258614642146757,-4.790988497050798,-5.962581540243333,-4.975734572547962,-3.2788397086053007,-5.298159242212111,-5.8740720532336175,-6.97744028473527,-6.584342621392652,-6.738375108929546,-7.095747287540341
2020-10-31,0.0014730727941071,-6.520404723776914,0.0,0.0,0.0,0.0,-5.905050660817532,-5.527258676384164,-6.258614642146757,-4.790988497050798,-5.962581540243333,-4.975734572547962,-3.2788397086053007,-5.298159242212111,-5.8740720532336175,-6.97744028473527,-6.584342621392652,-6.738375108929546
2020-11-30,0.0027523602273131,-5.895296470924518,0.0,0.0,0.0,0.0,-6.520404723776914,-5.905050660817532,-5.527258676384164,-6.258614642146757,-4.790988497050798,-5.962581540243333,-4.975734572547962,-3.2788397086053007,-5.298159242212111,-5.8740720532336175,-6.97744028473527,-6.584342621392652
2020-12-31,0.0025725148774495,-5.962871307007648,0.0,0.0,0.0,0.0,-5.895296470924518,-6.520404723776914,-5.905050660817532,-5.527258676384164,-6.258614642146757,-4.790988497050798,-5.962581540243333,-4.975734572547962,-3.2788397086053007,-5.298159242212111,-5.8740720532336175,-6.97744028473527
2021-01-31,0.0071223679189044,-4.944515035968521,0.0,0.0,0.0,0.0,-5.962871307007648,-5.895296470924518,-6.520404723776914,-5.905050660817532,-5.527258676384164,-6.258614642146757,-4.790988497050798,-5.962581540243333,-4.975734572547962,-3.2788397086053007,-5.298159242212111,-5.8740720532336175
2021-02-28,0.0047109535366714,-5.357864942044459,0.0,0.0,0.0,0.0,-4.944515035968521,-5.962871307007648,-5.895296470924518,-6.520404723776914,-5.905050660817532,-5.527258676384164,-6.258614642146757,-4.790988497050798,-5.962581540243333,-4.975734572547962,-3.2788397086053007,-5.298159242212111
2021-03-31,0.0017647606509754,-6.33974020630501,0.0,0.0,0.0,0.0,-5.357864942044459,-4.944515035968521,-5.962871307007648,-5.895296470924518,-6.520404723776914,-5.905050660817532,-5.527258676384164,-6.258614642146757,-4.790988497050798,-5.962581540243333,-4.975734572547962,-3.2788397086053007
2021-04-30,0.0009004739200432,-7.012589355407568,0.0,0.0,0.0,0.0,-6.33974020630501,-5.357864942044459,-4.944515035968521,-5.962871307007648,-5.895296470924518,-6.520404723776914,-5.905050660817532,-5.527258676384164,-6.258614642146757,-4.790988497050798,-5.962581540243333,-4.975734572547962
2021-05-31,0.0014782958162117,-6.516865330196014,0.0,0.0,0.0,0.0,-7.012589355407568,-6.33974020630501,-5.357864942044459,-4.944515035968521,-5.962871307007648,-5.895296470924518,-6.520404723776914,-5.905050660817532,-5.527258676384164,-6.258614642146757,-4.790988497050798,-5.962581540243333
2021-06-30,0.0005251866709543,-7.551756794847794,0.0,0.0,0.0,0.0,-6.516865330196014,-7.012589355407568,-6.33974020630501,-5.357864942044459,-4.944515035968521,-5.962871307007648,-5.895296470924518,-6.520404723776914,-5.905050660817532,-5.527258676384164,-6.258614642146757,-4.790988497050798
2021-07-31,0.0009927163873892,-6.915065546607992,0.0,0.0,0.0,0.0,-7.551756794847794,-6.516865330196014,-7.012589355407568,-6.33974020630501,-5.357864942044459,-4.944515035968521,-5.962871307007648,-5.895296470924518,-6.520404723776914,-5.905050660817532,-5.527258676384164,-6.258614642146757
2021-08-31,0.0017990337352138,-6.320505571986226,0.0,0.0,0.0,0.0,-6.915065546607992,-7.551756794847794,-6.516865330196014,-7.012589355407568,-6.33974020630501,-5.357864942044459,-4.944515035968521,-5.962871307007648,-5.895296470924518,-6.520404723776914,-5.905050660817532,-5.527258676384164
2021-09-30,0.0009243294586429,-6.986441992901008,0.0,0.0,0.0,0.0,-6.320505571986226,-6.915065546607992,-7.551756794847794,-6.516865330196014,-7.012589355407568,-6.33974020630501,-5.357864942044459,-4.944515035968521,-5.962871307007648,-5.895296470924518,-6.520404723776914,-5.905050660817532
2021-10-31,0.0023099551720426,-6.070527160678898,0.0304564736028043,0.0,0.0304564736028043,1.0,-6.986441992901008,-6.320505571986226,-6.915065546607992,-7.551756794847794,-6.516865330196014,-7.012589355407568,-6.33974020630501,-5.357864942044459,-4.944515035968521,-5.962871307007648,-5.895296470924518,-6.520404723776914
2021-11-30,0.0021701950256304,-6.132938241905714,0.0,0.0,0.0,0.0,-6.070527160678898,-6.986441992901008,-6.320505571986226,-6.915065546607992,-7.551756794847794,-6.516865330196014,-7.012589355407568,-6.33974020630501,-5.357864942044459,-4.944515035968521,-5.962871307007648,-5.895296470924518
2021-12-31,0.0015836613206843,-6.448015821150384,0.0,0.0,0.0,0.0,-6.132938241905714,-6.070527160678898,-6.986441992901008,-6.320505571986226,-6.915065546607992,-7.551756794847794,-6.516865330196014,-7.012589355407568,-6.33974020630501,-5.357864942044459,-4.944515035968521,-5.962871307007648
2022-01-31,0.003883841755638,-5.550930472009711,0.0349022099069891,0.0,0.0349022099069891,1.0,-6.448015821150384,-6.132938241905714,-6.070527160678898,-6.986441992901008,-6.320505571986226,-6.915065546607992,-7.551756794847794,-6.516865330196014,-7.012589355407568,-6.33974020630501,-5.357864942044459,-4.944515035968521
2022-02-28,0.0025185307442515,-5.984079585486972,0.1158350237622507,0.0,0.1158350237622507,1.0,-5.550930472009711,-6.448015821150384,-6.132938241905714,-6.070527160678898,-6.986441992901008,-6.320505571986226,-6.915065546607992,-7.551756794847794,-6.516865330196014,-7.012589355407568,-6.33974020630501,-5.357864942044459
2022-03-31,0.0023778028743562,-6.041578379710434,0.1882276247738827,0.0,0.1882276247738827,1.0,-5.984079585486972,-5.550930472009711,-6.448015821150384,-6.132938241905714,-6.070527160678898,-6.986441992901008,-6.320505571986226,-6.915065546607992,-7.551756794847794,-6.516865330196014,-7.012589355407568,-6.33974020630501
2022-04-30,0.0017299313311776,-6.359673564221151,0.0,0.0,0.0,0.0,-6.041578379710434,-5.984079585486972,-5.550930472009711,-6.448015821150384,-6.132938241905714,-6.070527160678898,-6.986441992901008,-6.320505571986226,-6.915065546607992,-7.551756794847794,-6.516865330196014,-7.012589355407568
2022-05-31,0.0022186918925697,-6.110837494347823,0.0,0.0,0.0,0.0,-6.359673564221151,-6.041578379710434,-5.984079585486972,-5.550930472009711,-6.448015821150384,-6.132938241905714,-6.070527160678898,-6.986441992901008,-6.320505571986226,-6.915065546607992,-7.551756794847794,-6.516865330196014
2022-06-30,0.0050989011164801,-5.2787302298251175,0.0455639925369146,0.0,0.0455639925369146,1.0,-6.110837494347823,-6.359673564221151,-6.041578379710434,-5.984079585486972,-5.550930472009711,-6.448015821150384,-6.132938241905714,-6.070527160678898,-6.986441992901008,-6.320505571986226,-6.915065546607992,-7.551756794847794
2022-07-31,0.0021397000989724,-6.147089600436077,0.0,0.0,0.0,0.0,-5.2787302298251175,-6.110837494347823,-6.359673564221151,-6.041578379710434,-5.984079585486972,-5.550930472009711,-6.448015821150384,-6.132938241905714,-6.070527160678898,-6.986441992901008,-6.320505571986226,-6.915065546607992
2022-08-31,0.0017779969118414,-6.332267878764015,0.0,0.0,0.0,0.0,-6.147089600436077,-5.2787302298251175,-6.110837494347823,-6.359673564221151,-6.041578379710434,-5.984079585486972,-5.550930472009711,-6.448015821150384,-6.132938241905714,-6.070527160678898,-6.986441992901008,-6.320505571986226
2022-09-30,0.0040327211474774,-5.513313908184706,0.0,0.0,0.0,0.0,-6.332267878764015,-6.147089600436077,-5.2787302298251175,-6.110837494347823,-6.359673564221151,-6.041578379710434,-5.984079585486972,-5.550930472009711,-6.448015821150384,-6.132938241905714,-6.070527160678898,-6.986441992901008
2022-10-31,0.0028873597231847,-5.84741278502956,0.0,0.0,0.0,0.0,-5.513313908184706,-6.332267878764015,-6.147089600436077,-5.2787302298251175,-6.110837494347823,-6.359673564221151,-6.041578379710434,-5.984079585486972,-5.550930472009711,-6.448015821150384,-6.132938241905714,-6.070527160678898
2022-11-30,0.002913763891887,-5.838309599925258,0.0,0.0,0.0,0.0,-5.84741278502956,-5.513313908184706,-6.332267878764015,-6.147089600436077,-5.2787302298251175,-6.110837494347823,-6.359673564221151,-6.041578379710434,-5.984079585486972,-5.550930472009711,-6.448015821150384,-6.132938241905714
2022-12-31,0.0025419257746511,-5.974833306227665,0.0,0.0,0.0,0.0,-5.838309599925258,-5.84741278502956,-5.513313908184706,-6.332267878764015,-6.147089600436077,-5.2787302298251175,-6.110837494347823,-6.359673564221151,-6.041578379710434,-5.984079585486972,-5.550930472009711,-6.448015821150384
2023-01-31,0.0022026497542194,-6.118094209630163,0.0,0.0,0.0,0.0,-5.974833306227665,-5.838309599925258,-5.84741278502956,-5.513313908184706,-6.332267878764015,-6.147089600436077,-5.2787302298251175,-6.110837494347823,-6.359673564221151,-6.041578379710434,-5.984079585486972,-5.550930472009711
2023-02-28,0.0019913317087658,-6.218951663675619,0.0,0.0,0.0,0.0,-6.118094209630163,-5.974833306227665,-5.838309599925258,-5.84741278502956,-5.513313908184706,-6.332267878764015,-6.147089600436077,-5.2787302298251175,-6.110837494347823,-6.359673564221151,-6.041578379710434,-5.984079585486972
2023-03-31,0.0019022978833691,-6.264692711260108,0.0,0.0,0.0,0.0,-6.218951663675619,-6.118094209630163,-5.974833306227665,-5.838309599925258,-5.84741278502956,-5.513313908184706,-6.332267878764015,-6.147089600436077,-5.2787302298251175,-6.110837494347823,-6.359673564221151,-6.041578379710434
2023-04-30,0.0010974277693404,-6.814786228993569,0.0,0.0,0.0,0.0,-6.264692711260108,-6.218951663675619,-6.118094209630163,-5.974833306227665,-5.838309599925258,-5.84741278502956,-5.513313908184706,-6.332267878764015,-6.147089600436077,-5.2787302298251175,-6.110837494347823,-6.359673564221151
2023-05-31,0.0006687759628592,-7.310061437540522,0.0,0.0,0.0,0.0,-6.814786228993569,-6.264692711260108,-6.218951663675619,-6.118094209630163,-5.974833306227665,-5.838309599925258,-5.84741278502956,-5.513313908184706,-6.332267878764015,-6.147089600436077,-5.2787302298251175,-6.110837494347823
2023-06-30,0.0008182412878012,-7.108353291995287,0.0,0.0,0.0,0.0,-7.310061437540522,-6.814786228993569,-6.264692711260108,-6.218951663675619,-6.118094209630163,-5.974833306227665,-5.838309599925258,-5.84741278502956,-5.513313908184706,-6.332267878764015,-6.147089600436077,-5.2787302298251175
2023-07-31,0.0015241561313828,-6.486314378551225,0.0,0.0,0.0,0.0,-7.108353291995287,-7.310061437540522,-6.814786228993569,-6.264692711260108,-6.218951663675619,-6.118094209630163,-5.974833306227665,-5.838309599925258,-5.84741278502956,-5.513313908184706,-6.332267878764015,-6.147089600436077
2023-08-31,0.0015809323324556,-6.449740522141584,0.0,0.0,0.0,0.0,-6.486314378551225,-7.108353291995287,-7.310061437540522,-6.814786228993569,-6.264692711260108,-6.218951663675619,-6.118094209630163,-5.974833306227665,-5.838309599925258,-5.84741278502956,-5.513313908184706,-6.332267878764015
2023-09-30,0.0012451807456036,-6.688474582410941,0.0,0.0,0.0,0.0,-6.449740522141584,-6.486314378551225,-7.108353291995287,-7.310061437540522,-6.814786228993569,-6.264692711260108,-6.218951663675619,-6.118094209630163,-5.974833306227665,-5.838309599925258,-5.84741278502956,-5.513313908184706
2023-10-31,0.0032756389057747,-5.721242343188924,0.0,0.0,0.0,0.0,-6.688474582410941,-6.449740522141584,-6.486314378551225,-7.108353291995287,-7.310061437540522,-6.814786228993569,-6.264692711260108,-6.218951663675619,-6.118094209630163,-5.974833306227665,-5.838309599925258,-5.84741278502956
2023-11-30,0.0052868171435671,-5.242538888374385,0.0,0.0,0.0,0.0,-5.721242343188924,-6.688474582410941,-6.449740522141584,-6.486314378551225,-7.108353291995287,-7.310061437540522,-6.814786228993569,-6.264692711260108,-6.218951663675619,-6.118094209630163,-5.974833306227665,-5.838309599925258
2023-12-31,0.0013031333518333,-6.642983643916895,0.0,0.0,0.0,0.0,-5.242538888374385,-5.721242343188924,-6.688474582410941,-6.449740522141584,-6.486314378551225,-7.108353291995287,-7.310061437540522,-6.814786228993569,-6.264692711260108,-6.218951663675619,-6.118094209630163,-5.974833306227665
2024-01-31,0.0018622345871339,-6.28597812141741,0.0,0.0,0.0,0.0,-6.642983643916895,-5.242538888374385,-5.721242343188924,-6.688474582410941,-6.449740522141584,-6.486314378551225,-7.108353291995287,-7.310061437540522,-6.814786228993569,-6.264692711260108,-6.218951663675619,-6.118094209630163
2024-02-29,0.0023366559561825,-6.059034450273654,0.0,0.0,0.0,0.0,-6.28597812141741,-6.642983643916895,-5.242538888374385,-5.721242343188924,-6.688474582410941,-6.449740522141584,-6.486314378551225,-7.108353291995287,-7.310061437540522,-6.814786228993569,-6.264692711260108,-6.218951663675619
2024-03-31,0.0019851508918092,-6.222060351707239,0.0,0.0,0.0,0.0,-6.059034450273654,-6.28597812141741,-6.642983643916895,-5.242538888374385,-5.721242343188924,-6.688474582410941,-6.449740522141584,-6.486314378551225,-7.108353291995287,-7.310061437540522,-6.814786228993569,-6.264692711260108
2024-04-30,0.0031314106680902,-5.766271683280925,0.0,0.0,0.0,0.0,-6.222060351707239,-6.059034450273654,-6.28597812141741,-6.642983643916895,-5.242538888374385,-5.721242343188924,-6.688474582410941,-6.449740522141584,-6.486314378551225,-7.108353291995287,-7.310061437540522,-6.814786228993569
2024-05-31,0.0017910952280948,-6.324927986968195,0.0,0.0,0.0,0.0,-5.766271683280925,-6.222060351707239,-6.059034450273654,-6.28597812141741,-6.642983643916895,-5.242538888374385,-5.721242343188924,-6.688474582410941,-6.449740522141584,-6.486314378551225,-7.108353291995287,-7.310061437540522
2024-06-30,0.0012863907360794,-6.655914860996307,0.0,0.0,0.0,0.0,-6.324927986968195,-5.766271683280925,-6.222060351707239,-6.059034450273654,-6.28597812141741,-6.642983643916895,-5.242538888374385,-5.721242343188924,-6.688474582410941,-6.449740522141584,-6.486314378551225,-7.108353291995287
2024-07-31,0.0017695366686127,-6.33703753580926,0.0,0.0,0.0,0.0,-6.655914860996307,-6.324927986968195,-5.766271683280925,-6.222060351707239,-6.059034450273654,-6.28597812141741,-6.642983643916895,-5.242538888374385,-5.721242343188924,-6.688474582410941,-6.449740522141584,-6.486314378551225
2024-08-31,0.0122625653089314,-4.401204128198093,0.0,0.0,0.0,0.0,-6.33703753580926,-6.655914860996307,-6.324927986968195,-5.766271683280925,-6.222060351707239,-6.059034450273654,-6.28597812141741,-6.642983643916895,-5.242538888374385,-5.721242343188924,-6.688474582410941,-6.449740522141584
2024-09-30,0.0035034015337317,-5.654020915663015,0.0,-0.0020758829150509,-0.0020758829150509,0.0,-4.401204128198093,-6.33703753580926,-6.655914860996307,-6.324927986968195,-5.766271683280925,-6.222060351707239,-6.059034450273654,-6.28597812141741,-6.642983643916895,-5.242538888374385,-5.721242343188924,-6.688474582410941
2024-10-31,0.0014780592838367,-6.517025346410268,0.0,0.0,0.0,0.0,-5.654020915663015,-4.401204128198093,-6.33703753580926,-6.655914860996307,-6.324927986968195,-5.766271683280925,-6.222060351707239,-6.059034450273654,-6.28597812141741,-6.642983643916895,-5.242538888374385,-5.721242343188924
2024-11-30,0.0028260484981748,-5.868875833446385,0.0,0.0,0.0,0.0,-6.517025346410268,-5.654020915663015,-4.401204128198093,-6.33703753580926,-6.655914860996307,-6.324927986968195,-5.766271683280925,-6.222060351707239,-6.059034450273654,-6.28597812141741,-6.642983643916895,-5.242538888374385
2024-12-31,0.003657181847701,-5.611062415128011,0.0,-0.0021256532325381,-0.0021256532325381,0.0,-5.868875833446385,-6.517025346410268,-5.654020915663015,-4.401204128198093,-6.33703753580926,-6.655914860996307,-6.324927986968195,-5.766271683280925,-6.222060351707239,-6.059034450273654,-6.28597812141741,-6.642983643916895
2025-01-31,0.0015069950263358,-6.497637659717556,0.0,0.0,0.0,0.0,-5.611062415128011,-5.868875833446385,-6.517025346410268,-5.654020915663015,-4.401204128198093,-6.33703753580926,-6.655914860996307,-6.324927986968195,-5.766271683280925,-6.222060351707239,-6.059034450273654,-6.28597812141741
2025-02-28,0.003038401314929,-5.796423785136123,0.0,0.0,0.0,0.0,-6.497637659717556,-5.611062415128011,-5.868875833446385,-6.517025346410268,-5.654020915663015,-4.401204128198093,-6.33703753580926,-6.655914860996307,-6.324927986968195,-5.766271683280925,-6.222060351707239,-6.059034450273654
2025-03-31,0.0026080992169334,-5.949133592338665,0.0,-0.015371402201493,-0.015371402201493,0.0,-5.796423785136123,-6.497637659717556,-5.611062415128011,-5.868875833446385,-6.517025346410268,-5.654020915663015,-4.401204128198093,-6.33703753580926,-6.655914860996307,-6.324927986968195,-5.766271683280925,-6.222060351707239
2025-04-30,0.0089531559841635,-4.71574918492369,0.0,-0.0653095448334612,-0.0653095448334612,0.0,-5.949133592338665,-5.796423785136123,-6.497637659717556,-5.611062415128011,-5.868875833446385,-6.517025346410268,-5.654020915663015,-4.401204128198093,-6.33703753580926,-6.655914860996307,-6.324927986968195,-5.766271683280925
2025-05-31,0.0016761961421166,-6.391228253867155,0.0,-0.0555474167892196,-0.0555474167892196,0.0,-4.71574918492369,-5.949133592338665,-5.796423785136123,-6.497637659717556,-5.611062415128011,-5.868875833446385,-6.517025346410268,-5.654020915663015,-4.401204128198093,-6.33703753580926,-6.655914860996307,-6.324927986968195
2025-06-30,0.0030459656704956,-5.79393729492866,0.0,0.0,0.0,0.0,-6.391228253867155,-4.71574918492369,-5.949133592338665,-5.796423785136123,-6.497637659717556,-5.611062415128011,-5.868875833446385,-6.517025346410268,-5.654020915663015,-4.401204128198093,-6.33703753580926,-6.655914860996307
2025-07-31,0.0017854427844522,-6.328088835995268,0.0,0.0,0.0,0.0,-5.79393729492866,-6.391228253867155,-4.71574918492369,-5.949133592338665,-5.796423785136123,-6.497637659717556,-5.611062415128011,-5.868875833446385,-6.517025346410268,-5.654020915663015,-4.401204128198093,-6.33703753580926
2025-08-31,0.0028707281499458,-5.853189570607233,0.0,0.0,0.0,0.0,-6.328088835995268,-5.79393729492866,-6.391228253867155,-4.71574918492369,-5.949133592338665,-5.796423785136123,-6.497637659717556,-5.611062415128011,-5.868875833446385,-6.517025346410268,-5.654020915663015,-4.401204128198093
2025-09-30,0.0024512538460359,-6.011155611444874,0.0,0.0,0.0,0.0,-5.853189570607233,-6.328088835995268,-5.79393729492866,-6.391228253867155,-4.71574918492369,-5.949133592338665,-5.796423785136123,-6.497637659717556,-5.611062415128011,-5.868875833446385,-6.517025346410268,-5.654020915663015
2025-10-31,0.0047814784568855,-5.3430054796986814,0.0,0.0,0.0,0.0,-6.011155611444874,-5.853189570607233,-6.328088835995268,-5.79393729492866,-6.391228253867155,-4.71574918492369,-5.949133592338665,-5.796423785136123,-6.497637659717556,-5.611062415128011,-5.868875833446385,-6.517025346410268
2025-11-30,0.0095036879435116,-4.656075351127376,0.0,-0.0102301087116852,-0.0102301087116852,0.0,-5.3430054796986814,-6.011155611444874,-5.853189570607233,-6.328088835995268,-5.79393729492866,-6.391228253867155,-4.71574918492369,-5.949133592338665,-5.796423785136123,-6.497637659717556,-5.611062415128011,-5.868875833446385
2025-12-31,0.0034789262282357,-5.6610315879133335,0.0,-0.0198312900488896,-0.0198312900488896,0.0,-4.656075351127376,-5.3430054796986814,-6.011155611444874,-5.853189570607233,-6.328088835995268,-5.79393729492866,-6.391228253867155,-4.71574918492369,-5.949133592338665,-5.796423785136123,-6.497637659717556,-5.611062415128011
2026-01-31,0.00411672734325,-5.49269676543387,0.0,0.0,0.0,0.0,-5.6610315879133335,-4.656075351127376,-5.3430054796986814,-6.011155611444874,-5.853189570607233,-6.328088835995268,-5.79393729492866,-6.391228253867155,-4.71574918492369,-5.949133592338665,-5.796423785136123,-6.497637659717556
2026-02-28,0.0156631896867396,-4.156441925460336,0.0,0.0,0.0,0.0,-5.49269676543387,-5.6610315879133335,-4.656075351127376,-5.3430054796986814,-6.011155611444874,-5.853189570607233,-6.328088835995268,-5.79393729492866,-6.391228253867155,-4.71574918492369,-5.949133592338665,-5.796423785136123
2026-03-31,0.0505885366213103,-2.984030277340776,0.0956973840828432,0.0,0.0956973840828432,1.0,-4.156441925460336,-5.49269676543387,-5.6610315879133335,-4.656075351127376,-5.3430054796986814,-6.011155611444874,-5.853189570607233,-6.328088835995268,-5.79393729492866,-6.391228253867155,-4.71574918492369,-5.949133592338665
